,584,592,598,608,610,614,624,626,628,632,640,648,658,660,662,672,678,680,688,690,694,Cut,DS,Module,Percentage,Range,SubDS
0,478.199185472,464.914740338,547.102511173,646.574537851,503.362555986,541.329869369,757.991817809,585.679995957,636.801576186,648.546070675,526.889158276,485.803962043,500.313125301,368.378946543,624.174829451,0,404.268803192,417.609649295,616.56100228,485.913299996,691.989873584,bcMax,5,1,1,Peak,5
1,510.112276067,497.127358284,598.496763968,710.689543314,544.532504566,585.193898539,832.322670705,630.538152676,694.46899202,718.420465244,561.763628979,518.02892619,536.526422468,390.889171455,686.650724211,0,431.129348693,438.149065334,670.071070766,529.416710793,762.096759501,bcMax,5,1,5,Peak,5
2,797.258697488,830.859007486,996.846074882,1186.43541447,886.432364902,1133.59486874,1353.71416779,1012.41447683,1138.42772123,1180.55381136,873.298521287,777.022156562,886.962178675,597.489113756,1132.57867064,0,626.996897928,674.722732699,1089.84500152,829.073595489,1262.73325386,bcMax,5,1,90,Peak,5
3,850.018818181,908.451987896,1062.62370218,1266.52696038,951.578682004,1292.1492494,1436.76873814,1071.95674074,1211.76781454,1264.54952819,922.885659318,824.903257975,979.8188411,654.643123837,1208.24947438,0,653.010997668,830.889636945,1163.15572712,895.04004112,1343.72837246,bcMax,5,1,95,Peak,5
4,958.323423177,1032.16927114,1177.6029947,1423.89066272,1070.04087121,1509.15546711,1602.6388729,1224.97588212,1370.10204338,1442.26898384,1030.07794985,911.117323276,1152.55306387,787.563256793,1375.68487233,0,702.894867885,978.100008952,1312.48165831,968.344411464,1512.27377014,bcMax,5,1,99,Peak,5
5,562.0,586.0,748.0,820.0,638.0,655.0,1047.0,822.0,922.0,821.0,643.0,623.0,589.0,415.0,826.0,0,501.0,495.0,798.0,672.0,888.0,bcMax,5,1,Mode,Peak,5
6,625.228077848,626.800049103,787.195738188,935.129606508,693.749196551,747.896445933,1083.78136572,812.487268336,907.162555289,936.525531081,699.816529721,637.247703711,677.397694317,472.919243437,894.138448246,0,521.458159888,523.838842713,872.41188576,661.489812062,999.8012762,bcMax,5,1,Median,Peak,5
0,428.083920832,406.182523867,501.200036854,591.078370275,446.141037853,497.335009036,709.201790474,532.453840865,600.243340862,628.535704012,466.074691364,429.054483534,445.809769842,341.408737541,574.377572855,0,353.55311848,365.820264569,562.305763836,434.118336878,648.47822896,bcMax,5,1,1,Continuum,5
1,461.990131024,439.105318926,545.416155551,653.287456967,487.179451878,538.174984108,783.042195107,582.641755074,660.785373959,680.583911017,502.992191564,458.767069505,478.136742493,361.444627779,635.49458124,0,369.106123917,382.442307825,618.546554832,473.099014999,713.620516962,bcMax,5,1,5,Continuum,5
2,708.383756222,741.118020322,938.009179665,1110.69000505,798.274812267,1120.12060537,1266.99467966,939.459484004,1083.43007337,1105.48120993,767.142080848,679.314099398,792.742257861,552.359529818,1059.52272111,0,531.158406372,564.759185428,1027.24169197,750.510393255,1198.67355999,bcMax,5,1,90,Continuum,5
3,754.208126764,868.354530613,1008.73850175,1189.67019348,860.650356634,1242.8327187,1351.17498875,1000.98553166,1156.04219535,1176.9007421,814.824310079,715.398044011,895.038196091,628.902891745,1117.31111785,0,590.159485062,840.238344991,1094.69447346,798.985507556,1272.83716324,bcMax,5,1,95,Continuum,5
4,845.920601327,1001.36819099,1145.99784974,1369.76452439,985.401445368,1427.7176882,1522.34536356,1126.37194855,1295.71036664,1350.16648384,934.685427551,794.978763963,1048.30008219,745.465857352,1274.40309553,0,652.622361735,965.265018172,1242.07789681,899.813745302,1446.44503223,bcMax,5,1,99,Continuum,5
5,541.0,543.0,650.0,835.0,596.0,652.0,893.0,682.0,841.0,833.0,609.0,593.0,578.0,413.0,845.0,0,426.0,422.0,774.0,573.0,845.0,bcMax,5,1,Mode,Continuum,5
6,570.383970076,557.913236024,723.695652741,869.771125772,627.872460002,702.416355039,1014.29434157,750.475670453,860.843277758,882.157307695,626.357919447,566.918322673,601.935012369,438.223106723,842.154640716,0,428.546878922,442.374821589,808.699898589,608.440828529,942.142719006,bcMax,5,1,Median,Continuum,5
0,0.277124855724,0.253386498903,0.229234201952,0.188024224117,0.244639745081,0.187314417413,0.173696658932,0.215052986347,0.203582230011,0.180573116256,0.260831746691,0.294006545063,0.225495857617,0.332693844802,0.204298449313,0,0.377798419768,0.27086169943,0.219293892578,0.272413289833,0.188742051412,noiseWeight,5,1,1,Peak,5
1,0.312094800218,0.287796713923,0.253618895042,0.211487317292,0.275136707695,0.219006484658,0.193887504938,0.245786538443,0.230431318592,0.206137942681,0.291323555362,0.324436312791,0.265618993863,0.400540610827,0.232685427824,0,0.406936330406,0.318912408489,0.247571461595,0.294747788067,0.212369308354,noiseWeight,5,1,5,Peak,5
2,0.50268099771,0.506144386202,0.42650488218,0.357828649425,0.458716463037,0.463477353803,0.316174408128,0.398791486785,0.381086390792,0.34593433507,0.459694880329,0.498132241293,0.466750600684,0.651281105168,0.38725557454,0,0.59380249223,0.584809342396,0.408250813409,0.479215742698,0.354597343918,noiseWeight,5,1,90,Peak,5
3,0.520428244541,0.525911956533,0.450517857388,0.376940970356,0.481001171666,0.483232957104,0.33491708311,0.417559535624,0.402498955846,0.362737507368,0.478878468566,0.516733096421,0.48425238415,0.670633748214,0.409477362014,0,0.616654710993,0.604519939378,0.429289610029,0.497966720693,0.374570582093,noiseWeight,5,1,95,Peak,5
4,0.55504848959,0.563422966898,0.492856524201,0.41451299638,0.520109041371,0.522517521985,0.367389533376,0.449828021082,0.438820269467,0.402254967934,0.510056847764,0.55081267733,0.521478399777,0.711476826269,0.450635093388,0,0.658204199654,0.634183897521,0.466767195194,0.543052405561,0.412504251496,noiseWeight,5,1,99,Peak,5
5,0.0,0.0,0.0,0.0,0.0,0.0,0.0,0.0,0.0,0.0,0.0,0.0,0.0,1.0,0.0,0,1.0,1.0,0.0,0.0,0.0,noiseWeight,5,1,Mode,Peak,5
6,0.424632119914,0.417201723682,0.342400549928,0.286541341472,0.377370453282,0.378207881493,0.257173929296,0.324064521191,0.30783255158,0.278119823516,0.384680665334,0.419950769305,0.383919477153,0.554166345724,0.314319179418,0,0.50961412602,0.505763603378,0.329924455805,0.398834725315,0.285449153316,noiseWeight,5,1,Median,Peak,5
0,0.30297773146,0.25520323798,0.228856696691,0.187154201997,0.258950979198,0.184857388822,0.17618686038,0.228578482015,0.209500162996,0.186338085318,0.279660786064,0.324452727545,0.242374016211,0.339495964599,0.213120316772,0,0.39537347093,0.264932562466,0.221105212015,0.284795437768,0.191001225351,noiseWeight,5,1,1,Continuum,5
1,0.338096861035,0.297178263815,0.259435287456,0.214966746187,0.297096671971,0.217268193468,0.199614407237,0.257762426121,0.236587687855,0.213144291497,0.31943745823,0.358590807543,0.28462977205,0.404118622278,0.2421877927,0,0.439023313603,0.310264751423,0.253636146275,0.323092224835,0.216687885717,noiseWeight,5,1,5,Continuum,5
2,0.532003285025,0.55628972352,0.455484144438,0.374921215446,0.502222198904,0.481385087091,0.331546957089,0.425031724081,0.405563944905,0.356131312933,0.499599793955,0.539874123752,0.511727148565,0.678457886686,0.406452831088,0,0.684060375621,0.660457242851,0.428779704979,0.522881487483,0.370261323225,noiseWeight,5,1,90,Continuum,5
3,0.557262765923,0.58247726754,0.482132325078,0.395845303924,0.526840741788,0.504446621166,0.351370265968,0.446901117311,0.436286900733,0.372591805898,0.521184034666,0.56341928753,0.538339098209,0.705418108578,0.431535536754,0,0.703912084892,0.681019199299,0.454094006696,0.553657339259,0.391479340548,noiseWeight,5,1,95,Continuum,5
4,0.602288494883,0.634430731437,0.528039515326,0.441509620664,0.576208314534,0.548933566965,0.389389163347,0.490008698872,0.496271511704,0.405543674553,0.564660862382,0.607476189079,0.57884694274,0.746647948997,0.476684406954,0,0.734706151983,0.711968672606,0.502217354273,0.605980901347,0.434011820729,noiseWeight,5,1,99,Continuum,5
5,0.0,0.0,0.0,0.0,0.0,0.0,0.0,0.0,0.0,0.0,0.0,0.0,0.0,1.0,0.0,0,1.0,1.0,0.0,0.0,0.0,noiseWeight,5,1,Mode,Continuum,5
6,0.450686577302,0.456947889049,0.361858341992,0.296601352595,0.407615823537,0.387275523127,0.268058730853,0.345584797448,0.320824732139,0.286350044526,0.416968419762,0.455977695848,0.42295437893,0.57851183566,0.323689242153,0,0.604171517627,0.58267127482,0.345792779937,0.427206947412,0.29488957862,noiseWeight,5,1,Median,Continuum,5
0,0.869765149161,0.883978846796,0.87901255044,0.879115033113,0.883091082676,0.879033039131,0.882990527698,0.88571914159,0.871694157063,0.878619436854,0.881346580096,0.874289517199,0.879265126704,0.870803289273,0.877126537064,0,0.878428769819,0.881472806581,0.884901555314,0.879587487513,0.88181140824,bcTime,5,1,1,Peak,5
1,0.882517881773,0.891157128421,0.886798553097,0.888347029328,0.890172740935,0.886345861131,0.892245934123,0.892456634284,0.883163951025,0.887657673795,0.888877349333,0.884126797276,0.888582032486,0.87795588492,0.885974043424,0,0.888457106855,0.891150659101,0.893253331987,0.889978850023,0.890772890854,bcTime,5,1,5,Peak,5
2,0.897589293043,0.901116994177,0.900043707042,0.901253897824,0.900302201482,0.895085575228,0.902399923695,0.901889124054,0.892677656094,0.899291048075,0.901249327363,0.90058188395,0.900407335979,0.886079820718,0.898396299829,0,0.899649447296,0.898946706963,0.900796872207,0.899295243997,0.899375914164,bcTime,5,1,90,Peak,5
3,0.897946012836,0.901296451217,0.900401684175,0.901612421949,0.900571125213,0.895353117496,0.902759356955,0.902248456998,0.893122221751,0.899738485547,0.901518283407,0.901029033044,0.900676092877,0.886433035317,0.898843143584,0,0.90000760219,0.899394755691,0.901245892458,0.899743147554,0.899734373469,bcTime,5,1,95,Peak,5
4,0.898926992268,0.901834822339,0.901028144159,0.902239839167,0.901377896407,0.896155744301,0.903747798418,0.902787456413,0.894367005592,0.900543872998,0.902235499525,0.901744471595,0.901213606672,0.887227768167,0.900004937349,0,0.900544834531,0.902889535768,0.90169491271,0.900101470399,0.900361677252,bcTime,5,1,99,Peak,5
5,1.0,1.0,1.0,1.0,1.0,1.0,1.0,1.0,1.0,1.0,1.0,1.0,1.0,1.0,1.0,0,1.0,1.0,1.0,1.0,1.0,bcTime,5,1,Mode,Peak,5
6,0.895676691729,0.899903753609,0.8984375,0.899610136452,0.898734177215,0.89367816092,0.901162790698,0.900778210117,0.891509433962,0.897660818713,0.90009699321,0.898821218075,0.898746383799,0.884688090737,0.896786757546,0,0.898272552783,0.897683397683,0.9,0.898174831892,0.897978825794,bcTime,5,1,Median,Peak,5
0,0.732782933939,0.678819663964,0.760702117007,0.754221922658,0.705979760102,0.695901074463,0.603073475494,0.67559992043,0.526297129296,0.787868858447,0.664249299392,0.753207030092,0.655846610925,0.748390002763,0.735991191554,0,0.711005627936,0.67666929693,0.664109843012,0.650477002441,0.625702979628,bcTime,5,1,1,Continuum,5
1,0.778069420312,0.736883651085,0.838367860118,0.814041811702,0.767223247029,0.752734835762,0.670422891908,0.732567574418,0.599404976679,0.839567584743,0.722673122987,0.833892296719,0.715509542739,0.803131671806,0.785630590605,0,0.779850813836,0.736515744115,0.743109637828,0.715813383944,0.744835247158,bcTime,5,1,5,Continuum,5
2,0.89574631267,0.899964086856,0.899309638253,0.900910694052,0.899282162825,0.895280960851,0.901127022653,0.900718072865,0.891836366208,0.899503057263,0.900268268575,0.899891620991,0.898878027082,0.886226280198,0.898921198423,0,0.899137027031,0.898777241084,0.899685053006,0.899499590676,0.8994305331,bcTime,5,1,90,Continuum,5
3,0.897190722179,0.901133721129,0.900360358566,0.902124430931,0.900298652234,0.896959949368,0.902179357284,0.901718968689,0.893854204883,0.9007298067,0.901347117591,0.900940616873,0.900034926037,0.887848888173,0.900202766384,0,0.900159480287,0.899862323111,0.90077412759,0.901070972003,0.900688086944,bcTime,5,1,95,Continuum,5
4,0.899909610666,0.90355653498,0.903337399452,0.906199119026,0.902924583209,0.900233976976,0.906064900539,0.904471432205,0.897424227155,0.904672929892,0.90391975755,0.90382535555,0.902513995226,0.892118909159,0.9030222159,0,0.902204386799,0.90320103704,0.903790026437,0.904544551779,0.903370868479,bcTime,5,1,99,Continuum,5
5,1.0,1.0,1.0,1.0,1.0,1.0,1.0,1.0,1.0,1.0,1.0,1.0,1.0,1.0,1.0,0,1.0,1.0,1.0,1.0,1.0,bcTime,5,1,Mode,Continuum,5
6,0.886829268293,0.893805309735,0.895209580838,0.896,0.894467213115,0.88736532811,0.894841269841,0.894059405941,0.871968962173,0.893849206349,0.894450257151,0.895669291339,0.891796738067,0.879961277832,0.891625615764,0,0.893954410307,0.891069676153,0.894788593904,0.892504930966,0.892644135189,bcTime,5,1,Median,Continuum,5
0,-9.15635075236e-07,-5.1958905021e-07,-5.47162732982e-07,-4.60448602402e-07,-1.12874310092e-07,-2.05707517068e-07,-7.41740403177e-07,-5.69411744604e-07,-1.67464845205e-06,-2.31033706554e-07,-6.01475518815e-07,-1.82274431572e-07,-1.07852536966e-06,-9.18330342196e-07,-1.53619529071e-07,0,-7.81403053319e-08,-1.07351220602e-07,-2.30014129422e-07,-1.00154782521e-06,-3.69982673259e-07,pol2,5,1,1,Peak,5
1,2.27128705843e-07,3.52314258899e-07,2.06788950676e-07,1.11716980781e-07,3.25447848165e-07,-4.17731165604e-08,1.8258349224e-07,2.23364065421e-07,-4.24946429438e-07,5.57569480555e-08,-1.02881157579e-07,3.73425424579e-08,2.62863782425e-07,-6.81316190921e-07,3.97355151357e-07,0,1.78224434763e-08,2.91224189891e-07,1.43097173287e-07,2.47566318318e-07,1.80604425686e-07,pol2,5,1,5,Peak,5
2,1.13977641886e-06,1.10903459712e-06,1.06658613e-06,9.74162169124e-07,1.05609395654e-06,1.06325180839e-06,1.21062835485e-06,1.08007079471e-06,6.83298476876e-07,9.9369130705e-07,7.25694263955e-07,1.02398950933e-06,1.08825207293e-06,1.75634656494e-07,1.29820782589e-06,0,7.92370964164e-07,1.19223482234e-06,9.97052674782e-07,1.01335949735e-06,1.13787326799e-06,pol2,5,1,90,Peak,5
3,1.23993145259e-06,1.18496431096e-06,1.16105718434e-06,1.06516307667e-06,1.13846871671e-06,1.17512753273e-06,1.32104668271e-06,1.17851954872e-06,8.07480701628e-07,1.10950654561e-06,8.01295031132e-07,1.09596720147e-06,1.15635828576e-06,2.84949967273e-07,1.40223378092e-06,0,8.6540061987e-07,1.27994461158e-06,1.09375836533e-06,1.08489466857e-06,1.25876048731e-06,pol2,5,1,95,Peak,5
4,1.38131668888e-06,1.32703189773e-06,1.29715553436e-06,1.18687067016e-06,1.26686198108e-06,1.335803417e-06,1.43860298708e-06,1.32469366577e-06,1.03728221943e-06,1.25293709653e-06,9.02002442385e-07,1.19380302119e-06,1.26093533458e-06,4.71336921566e-07,1.55676070831e-06,0,9.58246249227e-07,1.43992798095e-06,1.23885317487e-06,1.19953436603e-06,1.43542888356e-06,pol2,5,1,99,Peak,5
5,0.0,0.0,0.0,0.0,0.0,0.0,0.0,0.0,-0.0,0.0,0.0,0.0,0.0,-0.0,0.0,0,0.0,0.0,0.0,0.0,0.0,pol2,5,1,Mode,Peak,5
6,7.81367664367e-07,8.10366218547e-07,7.40201972356e-07,6.42138555479e-07,7.56396234067e-07,5.99169462305e-07,7.9527387164e-07,7.37923565395e-07,2.23651311003e-07,6.24147848105e-07,4.08489394872e-07,6.83645069243e-07,7.7935400702e-07,-1.90655088686e-07,9.3094337989e-07,0,4.82359944105e-07,8.18998681425e-07,6.40621414498e-07,7.08666689115e-07,7.38932824453e-07,pol2,5,1,Median,Peak,5
0,-1.39943101377e-06,-2.14516519566e-06,-1.39661629362e-06,-1.31655608805e-06,-1.85803926399e-06,-2.13051973478e-06,-3.83985122068e-06,-2.4652413475e-06,-8.03088645208e-06,-1.05210551145e-06,-2.53597755982e-06,-1.24511452966e-06,-2.42903202046e-06,-1.17100944444e-06,-1.60597267767e-06,0,-1.81665217324e-06,-2.16665882363e-06,-2.45085718771e-06,-2.74866655453e-06,-2.6022995695e-06,pol2,5,1,1,Continuum,5
1,-7.89233155014e-07,-1.15617602093e-06,-5.42292716348e-07,-5.90167748893e-07,-1.00071460163e-06,-1.10546762897e-06,-1.99581034774e-06,-1.32022940115e-06,-2.83104438877e-06,-5.52849963752e-07,-1.33847353188e-06,-4.82095538886e-07,-1.32775332508e-06,-5.72276588166e-07,-7.70039776575e-07,0,-8.67143404675e-07,-1.2326519961e-06,-1.15990763944e-06,-1.41741538537e-06,-1.1138432665e-06,pol2,5,1,5,Continuum,5
2,3.63598713591e-07,3.08402388843e-07,3.29676197897e-07,3.30127276107e-07,3.03993648593e-07,4.57797993e-07,4.2501885431e-07,3.43431298786e-07,4.34305892868e-07,3.96646580308e-07,2.94780502584e-07,3.25147011552e-07,2.32689458398e-07,2.88401892725e-07,3.70842045809e-07,0,3.15707011143e-07,3.73753974239e-07,3.64275703503e-07,3.1770973047e-07,3.94308124851e-07,pol2,5,1,90,Continuum,5
3,4.72489495892e-07,4.0823015489e-07,4.20332732439e-07,4.24399319788e-07,3.96050297732e-07,5.96021009654e-07,5.89148146666e-07,4.55727064251e-07,6.500572146e-07,5.16616751753e-07,3.99832036354e-07,4.17929773979e-07,3.28137584865e-07,3.73992028428e-07,4.7962937275e-07,0,4.01722850581e-07,4.68819061856e-07,4.87670927073e-07,4.34895377817e-07,5.19864313162e-07,pol2,5,1,95,Continuum,5
4,7.02252079716e-07,5.91372823429e-07,5.87760946202e-07,5.86922616813e-07,5.4163215051e-07,8.95504212403e-07,9.76580480045e-07,7.33802916114e-07,1.7315935727e-06,7.14856232912e-07,5.838547827e-07,5.68593371845e-07,5.48333730938e-07,5.27713049563e-07,6.80358088186e-07,0,5.49958076961e-07,6.96628095661e-07,7.0625957893e-07,6.62935315262e-07,7.6753004932e-07,pol2,5,1,99,Continuum,5
5,0.0,-0.0,-0.0,-0.0,-0.0,0.0,-0.0,0.0,-0.0,-0.0,-0.0,-0.0,-0.0,0.0,0.0,0,0.0,0.0,-0.0,0.0,-0.0,pol2,5,1,Mode,Continuum,5
6,-9.69919227702e-09,-5.36827554497e-08,1.22378498753e-08,9.8406070675e-09,-1.86968768718e-08,-6.14813897297e-08,-4.56551507271e-08,-6.64328085817e-08,-1.75721758167e-07,1.93232277292e-08,-7.23597965193e-08,2.95894120774e-08,-1.326350797e-07,-2.19989693823e-08,-2.33459232272e-09,0,-1.76188793947e-08,-3.3086402567e-08,-4.21537168191e-09,-7.96746943807e-08,-1.52469889912e-08,pol2,5,1,Median,Continuum,5
0,-2.84768711208e-11,-2.69343131269e-11,-2.65145078041e-11,-2.4588898493e-11,-2.56042131405e-11,-3.1531649283e-11,-3.07705001049e-11,-2.78420725687e-11,-2.18944563736e-11,-2.64927621401e-11,-2.06167844043e-11,-2.60871733364e-11,-2.69088731656e-11,-8.38459688887e-12,-3.13733982924e-11,0,-2.16996180592e-11,-2.88207555419e-11,-2.58454899973e-11,-2.50593860332e-11,-2.96669326913e-11,pol3,5,1,1,Peak,5
1,-2.44719891998e-11,-2.3112328579e-11,-2.23354873498e-11,-2.09393668653e-11,-2.21129320301e-11,-2.49709909493e-11,-2.63396655165e-11,-2.33157078512e-11,-1.57126497251e-11,-2.21283080805e-11,-1.60925439108e-11,-2.24083048344e-11,-2.28868623666e-11,-4.15602099985e-12,-2.73090695523e-11,0,-1.8053234854e-11,-2.50976881671e-11,-2.19860537255e-11,-2.15324628231e-11,-2.50473225278e-11,pol3,5,1,5,Peak,5
2,-5.30785342538e-12,-7.94793568187e-12,-5.03638394387e-12,-4.14472804088e-12,-6.69086337191e-12,-4.77640935165e-13,-5.11838524681e-12,-5.32396189604e-12,7.78671736277e-12,-2.3178112063e-12,7.28850527676e-13,-3.94188307235e-12,-6.74687438169e-12,1.43469462304e-11,-8.44925526254e-12,0,-1.22097621672e-12,-6.23327284222e-12,-4.01934097699e-12,-5.98606467315e-12,-4.77899601717e-12,pol3,5,1,90,Peak,5
3,-3.06960526319e-12,-5.3772432156e-12,-2.60223385659e-12,-2.34952582346e-12,-4.62660975907e-12,2.38482268025e-12,-2.51115303019e-12,-2.76615971313e-12,1.08996927288e-11,6.11465578147e-13,3.1787694364e-12,-1.36257649682e-12,-4.39600164899e-12,1.64978479081e-11,-5.85229316568e-12,0,1.04100152446e-12,-3.747404353e-12,-1.84318989008e-12,-4.02495568821e-12,-2.32894446787e-12,pol3,5,1,95,Peak,5
4,1.15956233496e-12,2.49797732803e-12,1.90255165816e-12,-2.13398728035e-13,3.29192293212e-14,8.57160131001e-12,2.06245469767e-12,2.0038755356e-12,1.84875701833e-11,4.374071103e-12,8.5749322891e-12,4.09424689392e-12,3.97760299621e-13,2.14537338854e-11,-2.24619083727e-13,0,4.81761270126e-12,1.57337019182e-12,1.43180976548e-12,4.6156999531e-13,1.56851261403e-12,pol3,5,1,99,Peak,5
5,-0.0,-0.0,-0.0,-0.0,-0.0,-0.0,-0.0,-0.0,0.0,-0.0,-0.0,-0.0,-0.0,0.0,-0.0,0,-0.0,-0.0,-0.0,-0.0,-0.0,pol3,5,1,Mode,Peak,5
6,-1.37484718302e-11,-1.46390399453e-11,-1.28706640889e-11,-1.11622113674e-11,-1.35963416859e-11,-1.05129474897e-11,-1.43416643729e-11,-1.31991577956e-11,-2.33674432081e-12,-1.09079509469e-11,-6.68578260267e-12,-1.21350671911e-11,-1.40007646655e-11,6.01822234875e-12,-1.68064341899e-11,0,-8.50722713409e-12,-1.47301078743e-11,-1.16231905981e-11,-1.2574357411e-11,-1.32997014577e-11,pol3,5,1,Median,Peak,5
0,-1.53423342109e-11,-1.34809726883e-11,-1.27185020259e-11,-1.25234371178e-11,-1.16398783409e-11,-1.90758065661e-11,-2.28267440129e-11,-1.56539941784e-11,-9.63548437677e-11,-1.54679923472e-11,-1.24323938745e-11,-1.23133401997e-11,-1.20629986786e-11,-1.14850683708e-11,-1.43392226079e-11,0,-1.17490757165e-11,-1.499788831e-11,-1.52431056179e-11,-1.44173654472e-11,-1.75276273522e-11,pol3,5,1,1,Continuum,5
1,-9.89552390929e-12,-8.62091114477e-12,-8.89962353246e-12,-9.11181433789e-12,-8.30036779107e-12,-1.27615004503e-11,-1.27795416982e-11,-9.70966497647e-12,-1.64069629613e-11,-1.10787868912e-11,-8.48596007405e-12,-8.8295921005e-12,-7.15874233067e-12,-7.95550397702e-12,-1.00706815563e-11,0,-8.48896216497e-12,-1.00085387606e-11,-1.02946490582e-11,-9.27769614556e-12,-1.12924379577e-11,pol3,5,1,5,Continuum,5
2,1.09740650761e-11,1.55632273901e-11,8.26626604354e-12,8.42400338799e-12,1.27285114277e-11,1.62932279938e-11,2.19791672759e-11,1.84745068376e-11,3.26232660477e-11,8.51993987387e-12,1.74976950437e-11,7.0752866503e-12,1.6658550862e-11,8.46054771532e-12,1.11319941572e-11,0,1.1027811891e-11,1.56289779818e-11,1.29027303684e-11,1.85647795334e-11,1.32075492918e-11,pol3,5,1,90,Continuum,5
3,1.59231656986e-11,2.28076137975e-11,1.15464428365e-11,1.21115192868e-11,2.00267795167e-11,2.26712506193e-11,3.6934694876e-11,2.59670168799e-11,4.66620658931e-11,1.17053663609e-11,2.63557117066e-11,1.04342402913e-11,2.56053184738e-11,1.17063160531e-11,1.61526039971e-11,0,1.76781926375e-11,2.45403141453e-11,2.26109984746e-11,2.77453076571e-11,2.19042095157e-11,pol3,5,1,95,Continuum,5
4,2.787441937e-11,4.09014401003e-11,2.66842066039e-11,2.63161830591e-11,3.60676582606e-11,4.22598295988e-11,6.85202837954e-11,4.82882299927e-11,7.94675657383e-11,2.1862850563e-11,4.84766769772e-11,2.24996484219e-11,4.60623974257e-11,2.27338199429e-11,3.19916761556e-11,0,3.63889549736e-11,4.16597337003e-11,4.33420925693e-11,5.09362266004e-11,4.45626221054e-11,pol3,5,1,99,Continuum,5
5,-0.0,0.0,0.0,0.0,0.0,-0.0,0.0,-0.0,0.0,0.0,0.0,-0.0,0.0,-0.0,0.0,0,-0.0,-0.0,0.0,-0.0,0.0,pol3,5,1,Mode,Continuum,5
6,4.13206323289e-13,1.37641882238e-12,3.34394107803e-15,-3.86167876275e-14,6.30920849863e-13,1.49977384758e-12,1.24675470045e-12,1.56056862876e-12,3.69193726969e-12,-2.13827376412e-13,1.75799161366e-12,-4.133818793e-13,2.93941432892e-12,6.45784587265e-13,3.30213468529e-13,0,6.50341158037e-13,8.52046314662e-13,2.84038610422e-13,1.79461334838e-12,5.88624226055e-13,pol3,5,1,Median,Continuum,5
0,86.4106421542,67.8416153366,63.890159778,66.5839339885,63.2663684757,90.4792933934,52.6324680503,64.0710189743,82.2624374395,63.0550233218,66.7842308215,63.7890595563,69.5757722363,111.218050234,67.0636745086,0,65.5831241919,55.3457463678,75.269555648,73.1914541664,78.0591719898,fitSlo,5,1,1,Peak,5
1,94.9407845901,72.9432830827,70.9908457465,71.5528502733,72.357841643,93.8122959551,67.6543505473,73.835753251,100.588738267,70.082431019,71.0465827743,71.8541871694,74.3423758078,119.995911354,77.7252806511,0,75.6393456581,85.6267118575,76.1605242312,78.1054706596,79.1932936311,fitSlo,5,1,5,Peak,5
2,147.847977556,108.831234443,122.049290002,108.515945868,106.416145353,118.994981977,98.3776523782,105.885194618,123.651760938,122.508754005,110.007313923,136.587448274,107.568088685,148.327114272,124.50076656,0,118.783395337,109.334978762,97.9647773602,103.113745679,101.257114651,fitSlo,5,1,90,Peak,5
3,178.733476274,124.198453142,150.570774444,133.121845723,129.887316385,136.723210656,126.68139123,126.713108918,143.345885186,147.349011346,134.327792712,173.371327996,130.763397675,163.02492824,153.650707054,0,148.284822292,127.368335589,112.435673689,121.851693921,119.165926386,fitSlo,5,1,95,Peak,5
4,279.165748525,184.371172513,225.591065328,199.735701593,188.762884687,194.280222635,225.945249457,183.390793601,213.852116495,211.526463098,190.970198713,284.518867914,191.183610748,204.87287079,210.274312393,0,214.674947896,199.113829591,169.349963514,169.729446973,169.036348009,fitSlo,5,1,99,Peak,5
5,102.0,76.0,77.0,73.0,76.0,95.0,69.0,78.0,102.0,83.0,73.0,76.0,76.0,128.0,85.0,0,82.0,87.0,77.0,80.0,80.0,fitSlo,5,1,Mode,Peak,5
6,103.344163476,76.6990066899,77.7796258023,74.409557492,77.2225881961,95.7867720425,70.413680581,78.7525435696,102.538892218,83.363785609,74.5879160946,77.5600929308,77.1772475362,128.540628664,86.2785307869,0,82.6478028159,87.6386286418,78.0496244717,81.1931310988,81.0767874881,fitSlo,5,1,Median,Peak,5
0,66.9642831827,56.0721113612,55.9525494462,40.8724468835,53.93125959,61.1741206815,40.6744910514,50.2785021447,72.6742769786,50.9661332094,53.4737713272,53.5450963734,56.3948353392,96.1591152712,54.9159701677,0,59.7009912673,54.3228788217,52.4559905903,46.8574830726,47.200736741,fitSlo,5,1,1,Continuum,5
1,83.1769138447,65.999736257,65.2587522091,59.7459379337,65.8169342478,80.6520420516,56.4764395498,64.7018053739,90.6291661045,64.869316467,63.6613259691,63.1282699452,68.3799023055,110.043642008,69.2368687663,0,68.9487825409,73.1476811529,66.1750867437,59.5823695407,67.1786760004,fitSlo,5,1,5,Continuum,5
2,448.684550645,612.703769309,207.947330572,257.892020125,460.729333759,483.251842293,843.976283893,605.726969857,1293.29173949,211.536991487,640.138239944,197.356024885,642.673524003,259.892320186,399.755178012,0,395.123820641,554.77377466,456.955707971,673.488682639,440.84350347,fitSlo,5,1,90,Continuum,5
3,563.026261629,771.594672197,283.043488867,386.04251288,614.374383903,647.573140071,1164.92179495,797.718282421,1689.55929248,287.320248587,847.142949709,309.694460455,876.327352474,437.510051837,511.51172315,0,558.791593261,782.115633502,747.097976793,887.200094676,713.936017127,fitSlo,5,1,95,Continuum,5
4,757.726228938,1170.75365939,642.556795603,652.189425292,931.575794289,924.975761053,1617.98314025,1153.35861239,2221.3810084,483.650649537,1179.54525614,669.337877449,1233.57031186,724.242386538,772.366221923,0,903.788606542,1123.25292443,1246.77689067,1286.89489103,1462.72192276,fitSlo,5,1,99,Continuum,5
5,101.0,75.0,76.0,74.0,75.0,96.0,68.0,78.0,102.0,80.0,73.0,76.0,75.0,129.0,86.0,0,81.0,86.0,77.0,80.0,81.0,fitSlo,5,1,Mode,Continuum,5
6,108.45840621,83.922354953,79.085523542,77.2373214681,80.4450156762,101.010339245,78.5888321665,85.4824450457,163.782445768,84.9415862999,79.9827029611,77.7991767505,87.6946437344,130.785012276,89.2577555866,0,84.8451022586,92.2920331526,81.162089354,87.2895932053,85.5417702924,fitSlo,5,1,Median,Continuum,5
0,1.44553093975,1.37723643268,1.3698018606,1.51410933061,1.43299673562,1.23110009637,1.75773987475,1.64493935739,1.58041730346,1.71079713007,1.39906082835,1.37629141682,1.32179104597,1.24258195833,1.48432346889,0,1.41321189459,1.35476886099,1.45886531441,1.50688749572,1.42695568503,riseNoise,5,1,1,Peak,5
1,1.57343068235,1.5699933345,1.55808631005,1.79994369153,1.67179848606,1.44990915032,1.94449039872,1.80303163287,1.72653625076,1.91114993546,1.6041709556,1.5865991176,1.48166229343,1.36894628043,1.6700369872,0,1.57009463641,1.54680667822,1.69024487327,1.6962899757,1.67105852281,riseNoise,5,1,5,Peak,5
2,2.42186150913,2.44550394421,2.59457374503,3.2024073153,2.73650721165,2.41775156024,3.45519082941,2.94953275678,3.02918261453,3.36992200574,2.58177079027,2.51954305337,2.37971238081,1.98862096183,2.99321287726,0,2.29129931482,2.32272341079,2.97084274952,2.66221867895,3.03316306391,riseNoise,5,1,90,Peak,5
3,2.60166577057,2.60409030434,2.80708597291,3.53569131666,2.9591770117,2.62406954616,3.85682813179,3.22719061877,3.35032019001,3.71702051313,2.75476076336,2.70771310143,2.56622883618,2.1090024681,3.27718333505,0,2.40735524008,2.46585979478,3.25028412367,2.85976235276,3.34873021933,riseNoise,5,1,95,Peak,5
4,2.89601038368,2.91293943111,3.24203228078,4.22300077896,3.36785308819,3.00117058305,4.4736614022,3.7229892508,3.90319539354,4.42828794629,3.10418215463,3.11432304922,2.91666661061,2.38076734447,3.7655703747,0,2.63594396429,2.6990335816,3.76294348677,3.32859933862,3.91830350749,riseNoise,5,1,99,Peak,5
5,2.0,2.0,2.0,2.0,2.0,2.0,2.0,2.0,2.0,2.0,2.0,2.0,2.0,2.0,2.0,0,2.0,2.0,2.0,2.0,2.0,riseNoise,5,1,Mode,Peak,5
6,1.97258103551,1.99453605409,1.99619656161,2.40680360562,2.15205114225,1.86586632471,2.51239239592,2.27182952986,2.19904212219,2.48118579145,2.06902473316,2.0321268412,1.88740622354,1.63642652112,2.20185076888,0,1.94186608966,1.944172058,2.24534250945,2.11656094768,2.24995443181,riseNoise,5,1,Median,Peak,5
0,0.958205786371,0.906630277535,0.916316692699,1.01408324997,0.933842928922,0.887431165474,1.10273528275,1.04475188944,1.05001213414,1.12689465369,0.927003208426,0.93461908177,0.861292486797,0.904666285176,1.00339855805,0,0.894040939239,0.899718669977,0.955717811198,0.96647409609,0.978604684913,riseNoise,5,1,1,Continuum,5
1,1.05249984778,0.983034320298,1.00624580001,1.15238823564,1.05424040233,0.99095922741,1.21938113786,1.13752645523,1.1653148433,1.22819373539,1.03435733487,1.01831445131,0.948678831718,0.973652501743,1.11150080652,0,0.975514148091,0.98396345778,1.06385808517,1.06069039092,1.10958892298,riseNoise,5,1,5,Continuum,5
2,1.85795576397,1.72930283341,1.98558937325,2.43022448363,1.95463411467,1.95547596757,2.67675445166,2.24591772637,2.54041451511,2.64638087932,1.82732495756,1.77470157601,1.73170844727,1.58300733117,2.30442913732,0,1.52143914453,1.5687462574,2.19353773286,1.97973707362,2.43431111314,riseNoise,5,1,90,Continuum,5
3,2.04588448776,1.87451608367,2.2170831832,2.76728985516,2.171970528,2.15476326461,3.07544998443,2.51109999475,2.87056971078,3.03839444895,2.00151308152,1.92910779982,1.86556094472,1.69245796804,2.59530426144,0,1.62035143488,1.69271852039,2.50965492658,2.21195046944,2.75349350447,riseNoise,5,1,95,Continuum,5
4,2.34920804195,2.19258778455,2.65841157687,3.35147993267,2.64890321279,2.5855953788,3.76879294723,3.00262866675,3.45189665239,3.66839147766,2.30501046154,2.24855816355,2.1935220471,1.92892192421,3.08516759849,0,1.85605152069,1.99856372828,3.06310140013,2.61053092863,3.35476355091,riseNoise,5,1,99,Continuum,5
5,1.0,1.0,1.0,2.0,1.0,1.0,2.0,2.0,2.0,2.0,1.0,1.0,1.0,1.0,2.0,0,1.0,1.0,1.0,1.0,2.0,riseNoise,5,1,Mode,Continuum,5
6,1.33319278769,1.24823635219,1.36322964869,1.60530411997,1.36471710949,1.3309323359,1.70210848152,1.52121502553,1.62345427564,1.69407653955,1.29977192483,1.29190324206,1.23638361308,1.19432791423,1.526476642,0,1.19929943459,1.20807699092,1.43854708434,1.37787815683,1.57880994204,riseNoise,5,1,Median,Continuum,5
